AÃ±o,Edad,Peso
1896,20.0,78.6
1896,21.0,76.58823529411765
1896,23.0,59.0
1896,24.0,56.0
1896,26.0,70.0
1896,27.0,72.0
1900,17.0,68.5
1900,18.0,78.75
1900,19.0,87.0
1900,20.0,81.375
1900,21.0,72.83333333333333
1900,22.0,60.5
1900,23.0,73.2
1900,24.0,70.375
1900,25.0,75.0
1900,26.0,74.66666666666667
1900,27.0,82.25
1900,28.0,65.75
1900,31.0,72.0
1900,32.0,95.0
1900,46.0,67.0
1904,18.0,62.5
1904,19.0,68.78571428571429
1904,20.0,77.52941176470588
1904,21.0,60.0
1904,22.0,62.833333333333336
1904,23.0,70.41666666666667
1904,24.0,76.28571428571429
1904,25.0,75.75
1904,26.0,70.4375
1904,27.0,68.5
1904,28.0,66.4
1904,29.0,58.0
1904,30.0,78.0
1904,31.0,72.0
1904,36.0,95.0
1904,40.0,95.0
1906,13.0,71.0
1906,16.0,86.0
1906,17.0,80.5
1906,18.0,80.0
1906,19.0,62.0
1906,20.0,79.18181818181819
1906,21.0,67.96296296296296
1906,22.0,71.0909090909091
1906,23.0,78.46153846153847
1906,24.0,70.0
1906,25.0,79.73684210526316
1906,26.0,85.2
1906,27.0,74.71428571428571
1906,28.0,67.6
1906,30.0,76.6
1906,32.0,84.28571428571429
1906,33.0,66.0
1906,34.0,56.0
1906,36.0,95.0
1906,37.0,72.0
1906,39.0,80.0
1906,43.0,80.0
1906,50.0,89.0
1906,52.0,67.0
1908,16.0,69.71428571428571
1908,18.0,81.0
1908,19.0,75.46666666666667
1908,20.0,77.0204081632653
1908,21.0,71.63157894736842
1908,22.0,72.28813559322033
1908,23.0,72.26530612244898
1908,24.0,73.74193548387096
1908,25.0,73.65
1908,26.0,68.83333333333333
1908,27.0,84.11111111111111
1908,28.0,82.125
1908,29.0,73.125
1908,30.0,89.0
1908,31.0,83.25
1908,32.0,100.75
1908,33.0,79.0
1908,34.0,78.57142857142857
1908,36.0,100.33333333333333
1908,37.0,76.0
1908,38.0,95.0
1908,39.0,68.0
1908,40.0,95.0
1908,41.0,79.66666666666667
1908,44.0,75.0
1912,17.0,62.0
1912,18.0,70.66666666666667
1912,19.0,72.24324324324324
1912,20.0,76.18461538461538
1912,21.0,70.07575757575758
1912,22.0,70.37857142857143
1912,23.0,69.91044776119404
1912,24.0,72.88
1912,25.0,71.02380952380952
1912,26.0,73.5
1912,27.0,72.11666666666666
1912,28.0,82.89655172413794
1912,29.0,72.66666666666667
1912,30.0,65.92307692307692
1912,31.0,84.0
1912,32.0,80.27272727272727
1912,33.0,83.375
1912,34.0,84.7
1912,35.0,82.0
1912,36.0,115.0
1912,37.0,59.5
1912,38.0,73.33333333333333
1912,42.0,95.0
1912,45.0,80.0
1920,16.0,57.0
1920,17.0,72.0
1920,18.0,63.875
1920,19.0,71.76
1920,20.0,71.77083333333333
1920,21.0,70.70270270270271
1920,22.0,76.55405405405405
1920,23.0,72.3103448275862
1920,24.0,69.78048780487805
1920,25.0,68.25925925925925
1920,26.0,71.25806451612904
1920,27.0,70.89285714285714
1920,28.0,72.23529411764706
1920,29.0,72.88461538461539
1920,30.0,74.76666666666667
1920,31.0,76.56666666666666
1920,32.0,69.33333333333333
1920,33.0,70.0
1920,34.0,69.25
1920,35.0,79.1923076923077
1920,36.0,90.66666666666667
1920,37.0,89.0
1920,38.0,83.25
1920,39.0,113.0
1920,40.0,109.0
1920,41.0,108.2
1920,42.0,100.0
1920,43.0,97.0
1920,44.0,115.0
1920,53.0,80.0
1920,58.0,56.0
1924,11.0,45.0
1924,16.0,57.0
1924,17.0,63.5
1924,18.0,62.25
1924,19.0,70.63157894736842
1924,20.0,71.375
1924,21.0,70.08771929824562
1924,22.0,72.36538461538461
1924,23.0,72.81756756756756
1924,24.0,70.91176470588235
1924,25.0,71.03571428571429
1924,26.0,70.66304347826087
1924,27.0,70.72
1924,28.0,67.82051282051282
1924,29.0,71.58333333333333
1924,30.0,69.47826086956522
1924,31.0,75.28
1924,32.0,71.25
1924,33.0,69.8529411764706
1924,34.0,77.5
1924,35.0,72.4
1924,36.0,79.28571428571429
1924,37.0,79.0
1924,38.0,84.66666666666667
1924,39.0,84.125
1924,40.0,87.5
1924,41.0,68.0
1924,42.0,71.33333333333333
1924,45.0,105.0
1924,48.0,92.33333333333333
1924,57.0,80.0
1928,14.0,41.0
1928,15.0,45.0
1928,16.0,57.5
1928,17.0,67.6
1928,18.0,62.8125
1928,19.0,78.05
1928,20.0,66.71232876712328
1928,21.0,70.86301369863014
1928,22.0,73.79729729729729
1928,23.0,72.68
1928,24.0,70.875
1928,25.0,70.55357142857143
1928,26.0,68.71111111111111
1928,27.0,72.72222222222223
1928,28.0,70.41176470588235
1928,29.0,71.94736842105263
1928,30.0,70.1923076923077
1928,31.0,72.75
1928,32.0,68.38461538461539
1928,33.0,78.07142857142857
1928,34.0,63.285714285714285
1928,35.0,86.5
1928,36.0,68.125
1928,37.0,75.71428571428571
1928,38.0,110.0
1928,39.0,72.14285714285714
1928,40.0,99.25
1928,42.0,80.0
1928,43.0,75.33333333333333
1928,44.0,73.5
1928,45.0,103.0
1928,46.0,73.0
1928,54.0,82.0
1928,61.0,80.0
1932,15.0,66.0
1932,16.0,49.0
1932,17.0,61.6
1932,18.0,62.57142857142857
1932,19.0,59.57142857142857
1932,20.0,74.69565217391305
1932,21.0,69.82727272727273
1932,22.0,71.97142857142858
1932,23.0,72.24193548387096
1932,24.0,67.84615384615384
1932,25.0,71.125
1932,26.0,74.04545454545455
1932,27.0,70.34615384615384
1932,28.0,74.52631578947368
1932,29.0,74.63157894736842
1932,30.0,66.8
1932,31.0,74.0
1932,32.0,68.54545454545455
1932,33.0,70.25
1932,34.0,81.78571428571429
1932,35.0,68.0
1932,36.0,74.0
1932,37.0,66.16666666666667
1932,38.0,66.5
1932,40.0,69.0
1932,41.0,63.0
1932,42.0,65.0
1932,43.0,110.0
1932,44.0,79.8
1932,49.0,59.0
1932,53.0,76.0
1932,55.0,66.0
1932,65.0,80.0
1936,12.0,37.0
1936,16.0,53.0
1936,17.0,69.16666666666667
1936,18.0,68.5
1936,19.0,72.67647058823529
1936,20.0,71.22222222222223
1936,21.0,70.23809523809524
1936,22.0,69.71264367816092
1936,23.0,70.33018867924528
1936,24.0,72.8252427184466
1936,25.0,73.47549019607843
1936,26.0,70.72222222222223
1936,27.0,72.13513513513513
1936,28.0,70.57692307692308
1936,29.0,72.49019607843137
1936,30.0,74.55555555555556
1936,31.0,74.575
1936,32.0,74.36363636363636
1936,33.0,80.44444444444444
1936,34.0,68.3157894736842
1936,35.0,68.61111111111111
1936,36.0,69.14285714285714
1936,37.0,67.0
1936,38.0,83.21428571428571
1936,39.0,61.0
1936,40.0,70.0
1936,41.0,88.0
1936,42.0,72.25
1936,48.0,91.0
1936,52.0,45.0
1948,14.0,56.0
1948,15.0,59.0
1948,16.0,63.666666666666664
1948,17.0,67.08333333333333
1948,18.0,70.525
1948,19.0,71.5
1948,20.0,69.03448275862068
1948,21.0,70.02747252747253
1948,22.0,71.1067415730337
1948,23.0,68.76
1948,24.0,73.43382352941177
1948,25.0,71.3132530120482
1948,26.0,73.28205128205128
1948,27.0,73.91269841269842
1948,28.0,69.94805194805195
1948,29.0,71.09756097560975
1948,30.0,73.17857142857143
1948,31.0,72.96969696969697
1948,32.0,77.75
1948,33.0,72.95161290322581
1948,34.0,72.75
1948,35.0,74.70588235294117
1948,36.0,72.88095238095238
1948,37.0,80.55555555555556
1948,38.0,76.14285714285714
1948,39.0,74.8
1948,40.0,69.78571428571429
1948,41.0,75.0
1948,42.0,89.0
1948,43.0,72.92857142857143
1948,44.0,68.0
1948,45.0,85.0
1948,46.0,67.33333333333333
1948,47.0,60.0
1948,48.0,66.4
1948,51.0,73.0
1948,52.0,65.0
1952,13.0,60.0
1952,15.0,54.666666666666664
1952,16.0,56.029411764705884
1952,17.0,62.0
1952,18.0,61.18181818181818
1952,19.0,66.74
1952,20.0,67.97222222222223
1952,21.0,72.01773049645391
1952,22.0,71.80874316939891
1952,23.0,70.19565217391305
1952,24.0,71.56363636363636
1952,25.0,72.41304347826087
1952,26.0,71.28389830508475
1952,27.0,69.42672413793103
1952,28.0,73.03846153846153
1952,29.0,69.92528735632185
1952,30.0,68.10588235294118
1952,31.0,69.90259740259741
1952,32.0,70.82894736842105
1952,33.0,72.44444444444444
1952,34.0,72.03703703703704
1952,35.0,73.69047619047619
1952,36.0,79.0
1952,37.0,73.16666666666667
1952,38.0,73.28125
1952,39.0,80.0909090909091
1952,40.0,81.75
1952,41.0,72.11111111111111
1952,42.0,75.83333333333333
1952,43.0,78.4
1952,44.0,70.64285714285714
1952,45.0,68.5
1952,48.0,82.0
1952,49.0,85.0
1952,50.0,78.0
1952,55.0,65.0
1952,56.0,65.0
1952,57.0,86.0
1952,59.0,130.0
1956,12.0,43.5
1956,13.0,54.0
1956,14.0,60.666666666666664
1956,15.0,60.9
1956,16.0,55.588235294117645
1956,17.0,61.659574468085104
1956,18.0,64.46913580246914
1956,19.0,68.6448275862069
1956,20.0,67.48022598870057
1956,21.0,67.84375
1956,22.0,71.4539748953975
1956,23.0,69.278
1956,24.0,72.01970443349754
1956,25.0,71.0383064516129
1956,26.0,74.93354430379746
1956,27.0,70.58875739644971
1956,28.0,71.57723577235772
1956,29.0,71.8
1956,30.0,72.7578125
1956,31.0,72.03191489361703
1956,32.0,76.96078431372548
1956,33.0,71.7
1956,34.0,71.15151515151516
1956,35.0,76.4
1956,36.0,75.3
1956,37.0,66.78
1956,38.0,72.22
1956,39.0,77.94444444444444
1956,40.0,74.1923076923077
1956,41.0,75.7
1956,42.0,73.27272727272727
1956,43.0,71.33333333333333
1956,44.0,84.14285714285714
1956,45.0,60.0
1956,46.0,78.16666666666667
1956,47.0,67.0
1956,48.0,93.66666666666667
1956,49.0,81.0
1956,50.0,63.0
1956,51.0,74.0
1956,52.0,70.0
1956,53.0,79.5
1956,55.0,91.0
1956,56.0,71.5
1956,58.0,66.0
1956,61.0,53.0
1960,12.0,58.0
1960,13.0,53.6
1960,14.0,54.857142857142854
1960,15.0,60.81818181818182
1960,16.0,61.08130081300813
1960,17.0,62.585798816568044
1960,18.0,63.87732342007435
1960,19.0,66.93017456359102
1960,20.0,68.08093525179856
1960,21.0,67.20907617504052
1960,22.0,69.32689832689833
1960,23.0,70.39078751857355
1960,24.0,68.5184659090909
1960,25.0,70.57747603833866
1960,26.0,69.81326530612245
1960,27.0,70.44282238442823
1960,28.0,70.26616915422886
1960,29.0,69.91052631578947
1960,30.0,73.27848101265823
1960,31.0,70.42217898832685
1960,32.0,72.40579710144928
1960,33.0,72.63333333333334
1960,34.0,74.0163043478261
1960,35.0,72.9375
1960,36.0,75.83571428571429
1960,37.0,73.07272727272728
1960,38.0,72.72413793103448
1960,39.0,76.45454545454545
1960,40.0,68.96296296296296
1960,41.0,78.45833333333333
1960,42.0,73.075
1960,43.0,76.35714285714286
1960,44.0,73.84
1960,45.0,75.85714285714286
1960,46.0,73.58823529411765
1960,47.0,78.66666666666667
1960,48.0,71.72727272727273
1960,49.0,66.71428571428571
1960,50.0,77.63636363636364
1960,51.0,77.5
1960,52.0,75.36363636363636
1960,53.0,78.25
1960,54.0,81.4
1960,55.0,72.25
1960,56.0,83.0
1960,57.0,93.0
1960,58.0,62.0
1960,59.0,71.5
1960,60.0,65.0
1960,61.0,87.0
1960,62.0,66.0
1960,64.0,65.0
1960,65.0,53.0
1964,12.0,41.0
1964,13.0,57.5
1964,14.0,55.95238095238095
1964,15.0,56.70454545454545
1964,16.0,62.55172413793103
1964,17.0,62.135
1964,18.0,64.64379084967321
1964,19.0,65.78625
1964,20.0,67.26053639846744
1964,21.0,69.22471098265896
1964,22.0,69.84967320261438
1964,23.0,70.73926767676768
1964,24.0,70.28116883116883
1964,25.0,69.760336906585
1964,26.0,70.03682719546742
1964,27.0,72.02366863905326
1964,28.0,69.86979166666667
1964,29.0,71.06166219839142
1964,30.0,72.3
1964,31.0,71.95901639344262
1964,32.0,72.12105263157895
1964,33.0,72.0920245398773
1964,34.0,72.21610169491525
1964,35.0,71.8076923076923
1964,36.0,73.6590909090909
1964,37.0,75.71111111111111
1964,38.0,78.82692307692308
1964,39.0,77.53333333333333
1964,40.0,78.46774193548387
1964,41.0,75.5
1964,42.0,75.75
1964,43.0,78.38095238095238
1964,44.0,78.6
1964,45.0,74.7
1964,46.0,76.4
1964,47.0,77.33333333333333
1964,48.0,74.08333333333333
1964,49.0,80.25
1964,50.0,71.0
1964,51.0,70.33333333333333
1964,52.0,81.375
1964,53.0,70.0
1964,54.0,85.33333333333333
1964,56.0,71.66666666666667
1964,57.0,71.5
1964,58.0,85.0
1964,59.0,81.0
1964,60.0,73.33333333333333
1968,11.0,47.6
1968,12.0,60.875
1968,13.0,50.05263157894737
1968,14.0,54.851063829787236
1968,15.0,55.91573033707865
1968,16.0,59.481818181818184
1968,17.0,63.61477987421384
1968,18.0,64.24282296650718
1968,19.0,66.68514851485149
1968,20.0,67.98796033994334
1968,21.0,69.07112970711297
1968,22.0,70.03172737955347
1968,23.0,70.5307881773399
1968,24.0,70.83635265700484
1968,25.0,70.89746835443037
1968,26.0,71.11844197138315
1968,27.0,72.06532663316582
1968,28.0,73.34349593495935
1968,29.0,72.48546511627907
1968,30.0,71.79283489096574
1968,31.0,73.03971962616822
1968,32.0,70.77941176470588
1968,33.0,75.15185185185184
1968,34.0,76.66055045871559
1968,35.0,75.89473684210526
1968,36.0,71.28985507246377
1968,37.0,74.94827586206897
1968,38.0,71.56481481481481
1968,39.0,78.48275862068965
1968,40.0,74.28947368421052
1968,41.0,74.63157894736842
1968,42.0,76.6470588235294
1968,43.0,74.84615384615384
1968,44.0,78.625
1968,45.0,72.16666666666667
1968,46.0,78.33333333333333
1968,47.0,75.2
1968,48.0,77.18181818181819
1968,49.0,75.66666666666667
1968,50.0,72.25
1968,51.0,77.0
1968,52.0,74.66666666666667
1968,53.0,72.0
1968,54.0,70.0
1968,55.0,96.0
1968,56.0,75.0
1968,57.0,68.0
1968,59.0,86.5
1968,60.0,61.5
1968,62.0,70.0
1968,65.0,82.0
1968,66.0,70.0
1968,68.0,80.0
1972,12.0,48.0
1972,13.0,52.30769230769231
1972,14.0,52.03478260869565
1972,15.0,55.27225130890052
1972,16.0,57.69257950530035
1972,17.0,59.15234375
1972,18.0,62.88061224489796
1972,19.0,65.56846153846153
1972,20.0,68.04297407912688
1972,21.0,71.02479338842976
1972,22.0,70.69429198682766
1972,23.0,72.07826086956521
1972,24.0,71.95568982880161
1972,25.0,71.1556854410202
1972,26.0,72.51188811188811
1972,27.0,72.36769230769231
1972,28.0,73.72304832713755
1972,29.0,73.53448275862068
1972,30.0,74.27285714285715
1972,31.0,73.70261437908496
1972,32.0,73.52709359605912
1972,33.0,74.6086956521739
1972,34.0,74.32589285714286
1972,35.0,75.78947368421052
1972,36.0,73.88
1972,37.0,74.68461538461538
1972,38.0,78.93333333333334
1972,39.0,75.01886792452831
1972,40.0,72.36842105263158
1972,41.0,81.21875
1972,42.0,78.37037037037037
1972,43.0,75.5
1972,44.0,76.75
1972,45.0,74.13333333333334
1972,46.0,71.84615384615384
1972,47.0,78.78947368421052
1972,48.0,81.0
1972,49.0,67.66666666666667
1972,50.0,73.0
1972,51.0,79.0
1972,52.0,86.5
1972,53.0,75.0
1972,54.0,76.0
1972,55.0,75.5
1972,57.0,72.0
1972,58.0,67.0
1972,59.0,80.0
1972,60.0,65.0
1972,61.0,73.0
1972,66.0,76.0
1972,69.0,66.0
1976,12.0,49.22222222222222
1976,13.0,47.10344827586207
1976,14.0,49.527272727272724
1976,15.0,55.41269841269841
1976,16.0,56.38754325259516
1976,17.0,59.77950310559006
1976,18.0,61.31837073981713
1976,19.0,65.9765625
1976,20.0,68.56532258064516
1976,21.0,69.72671568627452
1976,22.0,72.0220207253886
1976,23.0,70.89492325855963
1976,24.0,72.2761096605744
1976,25.0,73.36831275720165
1976,26.0,73.47666666666667
1976,27.0,74.07371225577265
1976,28.0,74.31885593220339
1976,29.0,74.01296829971182
1976,30.0,73.68150684931507
1976,31.0,75.76288659793815
1976,32.0,76.46428571428571
1976,33.0,74.77459016393442
1976,34.0,76.28947368421052
1976,35.0,74.59166666666667
1976,36.0,74.23
1976,37.0,72.5
1976,38.0,78.25555555555556
1976,39.0,71.88235294117646
1976,40.0,72.06451612903226
1976,41.0,74.75862068965517
1976,42.0,77.7
1976,43.0,68.14285714285714
1976,44.0,69.66666666666667
1976,45.0,74.28571428571429
1976,46.0,74.23076923076923
1976,47.0,76.0
1976,48.0,71.5
1976,49.0,74.85714285714286
1976,50.0,78.0
1976,51.0,73.2
1976,52.0,73.0
1976,53.0,71.6
1976,55.0,100.0
1976,56.0,68.0
1976,61.0,73.33333333333333
1976,65.0,73.0
1976,66.0,74.0
1976,70.0,76.0
1980,13.0,44.7
1980,14.0,41.94230769230769
1980,15.0,48.72727272727273
1980,16.0,56.778894472361806
1980,17.0,61.75365853658536
1980,18.0,64.81315789473685
1980,19.0,67.24175824175825
1980,20.0,69.56738768718802
1980,21.0,72.6897001303781
1980,22.0,71.73454301075269
1980,23.0,72.6064610866373
1980,24.0,72.4157060518732
1980,25.0,72.87402190923318
1980,26.0,74.39502762430939
1980,27.0,73.04813359528487
1980,28.0,75.78693181818181
1980,29.0,75.51143790849673
1980,30.0,73.77403846153847
1980,31.0,76.86363636363636
1980,32.0,73.33333333333333
1980,33.0,75.50520833333333
1980,34.0,73.53888888888889
1980,35.0,75.48
1980,36.0,74.15
1980,37.0,77.97058823529412
1980,38.0,77.71428571428571
1980,39.0,77.31818181818181
1980,40.0,70.86363636363636
1980,41.0,84.625
1980,42.0,78.25
1980,43.0,67.42857142857143
1980,44.0,75.0
1980,45.0,73.2
1980,46.0,74.42857142857143
1980,47.0,72.0
1980,48.0,68.25
1980,49.0,70.57142857142857
1980,50.0,69.33333333333333
1980,51.0,73.0
1980,56.0,99.0
1980,57.0,67.0
1980,59.0,100.0
1984,12.0,50.0
1984,13.0,47.833333333333336
1984,14.0,48.09756097560975
1984,15.0,51.54973821989529
1984,16.0,55.45067264573991
1984,17.0,61.28417266187051
1984,18.0,63.22857142857143
1984,19.0,67.33660130718954
1984,20.0,68.48002350176263
1984,21.0,70.1355140186916
1984,22.0,71.89289145052834
1984,23.0,72.07832512315271
1984,24.0,72.43288590604027
1984,25.0,73.54099378881988
1984,26.0,72.18929503916449
1984,27.0,72.91967509025271
1984,28.0,73.2381974248927
1984,29.0,73.05555555555556
1984,30.0,72.97104247104247
1984,31.0,73.43121693121694
1984,32.0,72.97931034482758
1984,33.0,73.5748031496063
1984,34.0,71.80459770114942
1984,35.0,72.85714285714286
1984,36.0,75.54901960784314
1984,37.0,75.82142857142857
1984,38.0,71.40217391304348
1984,39.0,73.52777777777777
1984,40.0,73.92307692307692
1984,41.0,77.16666666666667
1984,42.0,69.70588235294117
1984,43.0,73.9375
1984,44.0,90.14285714285714
1984,45.0,73.3
1984,46.0,72.45454545454545
1984,47.0,66.07142857142857
1984,48.0,67.0
1984,49.0,74.75
1984,50.0,75.83333333333333
1984,51.0,78.66666666666667
1984,52.0,70.33333333333333
1984,53.0,79.66666666666667
1984,54.0,84.5
1984,55.0,75.0
1984,56.0,83.5
1984,60.0,73.0
1988,13.0,55.57142857142857
1988,14.0,52.38461538461539
1988,15.0,47.790393013100434
1988,16.0,53.92217898832685
1988,17.0,60.1943661971831
1988,18.0,63.33011583011583
1988,19.0,66.92709766162311
1988,20.0,68.98673036093419
1988,21.0,69.51700087183958
1988,22.0,71.03205661948377
1988,23.0,70.84100877192982
1988,24.0,72.31902086677367
1988,25.0,73.16346153846153
1988,26.0,73.48849372384937
1988,27.0,74.2886866059818
1988,28.0,74.595166163142
1988,29.0,75.62741312741312
1988,30.0,73.68634840871022
1988,31.0,75.12407407407407
1988,32.0,74.93548387096774
1988,33.0,73.62237762237763
1988,34.0,74.05217391304348
1988,35.0,75.45454545454545
1988,36.0,75.17073170731707
1988,37.0,73.77966101694915
1988,38.0,69.03448275862068
1988,39.0,73.81481481481481
1988,40.0,77.31818181818181
1988,41.0,71.57142857142857
1988,42.0,69.94736842105263
1988,43.0,76.625
1988,44.0,76.6
1988,45.0,72.75
1988,46.0,71.66666666666667
1988,47.0,72.05555555555556
1988,48.0,69.2
1988,49.0,68.8
1988,50.0,70.625
1988,51.0,70.28571428571429
1988,52.0,75.375
1988,53.0,67.0
1988,54.0,81.5
1988,55.0,54.0
1988,56.0,52.0
1988,60.0,85.0
1988,63.0,50.0
1988,70.0,78.0
1992,12.0,57.0
1992,13.0,47.21052631578947
1992,14.0,56.75555555555555
1992,15.0,48.849557522123895
1992,16.0,55.58011049723757
1992,17.0,57.21454545454545
1992,18.0,66.68044077134986
1992,19.0,67.01119402985074
1992,20.0,68.82290436835892
1992,21.0,70.76011846001974
1992,22.0,71.03140703517587
1992,23.0,71.88951149425287
1992,24.0,73.03398058252426
1992,25.0,71.570784490532
1992,26.0,72.94421052631579
1992,27.0,72.99435028248588
1992,28.0,73.60468319559229
1992,29.0,74.28815080789946
1992,30.0,74.27896995708154
1992,31.0,75.82748538011695
1992,32.0,74.20370370370371
1992,33.0,77.61904761904762
1992,34.0,74.93827160493827
1992,35.0,74.4126213592233
1992,36.0,76.61046511627907
1992,37.0,73.28301886792453
1992,38.0,74.05405405405405
1992,39.0,72.68571428571428
1992,40.0,70.34375
1992,41.0,70.62068965517241
1992,42.0,69.25
1992,43.0,77.0
1992,44.0,66.8
1992,45.0,73.06666666666666
1992,46.0,74.33333333333333
1992,47.0,64.66666666666667
1992,48.0,76.2
1992,49.0,69.5
1992,50.0,62.4
1992,52.0,76.0
1992,53.0,59.0
1992,54.0,91.0
1992,55.0,82.0
1992,56.0,76.6
1992,57.0,65.0
1992,58.0,83.0
1992,62.0,84.0
1994,13.0,53.0
1994,14.0,52.0
1994,15.0,61.333333333333336
1994,16.0,58.75609756097561
1994,17.0,60.14705882352941
1994,18.0,64.37362637362638
1994,19.0,65.51680672268908
1994,20.0,70.36942675159236
1994,21.0,68.77022058823529
1994,22.0,71.29692832764505
1994,23.0,73.02901023890784
1994,24.0,70.38927335640139
1994,25.0,69.64383561643835
1994,26.0,74.97735849056603
1994,27.0,70.995
1994,28.0,73.33333333333333
1994,29.0,72.7172131147541
1994,30.0,74.23873873873873
1994,31.0,75.55113636363636
1994,32.0,72.03921568627452
1994,33.0,72.76086956521739
1994,34.0,70.36363636363636
1994,35.0,84.05882352941177
1994,36.0,73.1
1994,37.0,88.0
1994,38.0,72.4
1994,40.0,86.0
1994,43.0,66.0
1994,46.0,72.0
1996,12.0,65.0
1996,13.0,59.8
1996,14.0,43.16326530612245
1996,15.0,45.73015873015873
1996,16.0,50.46134020618557
1996,17.0,59.44642857142857
1996,18.0,61.70942408376963
1996,19.0,67.82708333333333
1996,20.0,69.11695447409733
1996,21.0,70.4282325029656
1996,22.0,72.43462343096235
1996,23.0,72.19825072886297
1996,24.0,72.75174825174825
1996,25.0,72.92144495412845
1996,26.0,73.5950323974082
1996,27.0,72.62709098327214
1996,28.0,73.96206373292868
1996,29.0,73.5237659963437
1996,30.0,73.71364653243847
1996,31.0,72.53698630136986
1996,32.0,73.03
1996,33.0,73.30188679245283
1996,34.0,77.13186813186813
1996,35.0,72.82962962962964
1996,36.0,71.55681818181819
1996,37.0,73.83571428571429
1996,38.0,74.78846153846153
1996,39.0,77.13953488372093
1996,40.0,80.27027027027027
1996,41.0,72.92307692307692
1996,42.0,80.36363636363636
1996,43.0,72.17647058823529
1996,44.0,81.11764705882354
1996,45.0,74.29411764705883
1996,46.0,80.45454545454545
1996,47.0,72.5
1996,48.0,73.78571428571429
1996,49.0,71.0
1996,50.0,70.22222222222223
1996,51.0,60.25
1996,53.0,69.66666666666667
1996,54.0,73.0
1996,56.0,83.0
1996,58.0,55.0
1996,59.0,82.0
1996,62.0,83.0
1996,63.0,77.0
1998,14.0,62.0
1998,15.0,50.75
1998,16.0,62.970588235294116
1998,17.0,60.97826086956522
1998,18.0,63.74444444444445
1998,19.0,64.84821428571429
1998,20.0,66.33507853403141
1998,21.0,68.056
1998,22.0,68.42913385826772
1998,23.0,69.86019736842105
1998,24.0,71.13880126182966
1998,25.0,70.62573099415205
1998,26.0,70.88461538461539
1998,27.0,74.45535714285714
1998,28.0,72.73412698412699
1998,29.0,72.14488636363636
1998,30.0,78.23376623376623
1998,31.0,72.50980392156863
1998,32.0,75.55309734513274
1998,33.0,77.91935483870968
1998,34.0,78.8125
1998,35.0,79.08571428571429
1998,36.0,73.26666666666667
1998,37.0,75.08695652173913
1998,38.0,68.5
1998,39.0,82.58333333333333
1998,40.0,74.33333333333333
1998,42.0,81.0
1998,43.0,90.0
1998,44.0,75.0
1998,50.0,91.0
2000,13.0,44.5
2000,14.0,49.25
2000,15.0,52.22641509433962
2000,16.0,49.64150943396226
2000,17.0,60.48320895522388
2000,18.0,62.42857142857143
2000,19.0,64.24452554744525
2000,20.0,67.48596750369276
2000,21.0,70.87070815450643
2000,22.0,71.26133209990749
2000,23.0,71.82891125343093
2000,24.0,72.97224631396357
2000,25.0,73.05211406096362
2000,26.0,72.40680473372781
2000,27.0,73.5463645943098
2000,28.0,73.86795994993741
2000,29.0,73.52919161676647
2000,30.0,73.5580589254766
2000,31.0,73.66144745998609
2000,32.0,75.00681198910081
2000,33.0,76.42250922509226
2000,34.0,70.81194690265487
2000,35.0,73.54117647058824
2000,36.0,73.91304347826087
2000,37.0,75.1842105263158
2000,38.0,76.01086956521739
2000,39.0,75.36170212765957
2000,40.0,75.25
2000,41.0,74.42553191489361
2000,42.0,71.28378378378379
2000,43.0,74.58064516129032
2000,44.0,75.43478260869566
2000,45.0,75.15789473684211
2000,46.0,81.625
2000,47.0,76.33333333333333
2000,49.0,78.875
2000,51.0,64.0
2000,52.0,97.0
2000,53.0,67.4
2000,54.0,66.0
2000,57.0,104.0
2000,59.0,66.0
2000,63.0,82.0
2002,15.0,61.44444444444444
2002,16.0,60.42857142857143
2002,17.0,62.578947368421055
2002,18.0,65.11309523809524
2002,19.0,64.1590909090909
2002,20.0,67.28813559322033
2002,21.0,70.1652719665272
2002,22.0,68.7410071942446
2002,23.0,68.72698412698412
2002,24.0,69.8798955613577
2002,25.0,71.49852071005917
2002,26.0,71.11073825503355
2002,27.0,70.68646864686468
2002,28.0,71.95276872964169
2002,29.0,74.50729927007299
2002,30.0,73.95024875621891
2002,31.0,76.13440860215054
2002,32.0,76.9430894308943
2002,33.0,75.00625
2002,34.0,76.56122448979592
2002,35.0,73.93478260869566
2002,36.0,76.2
2002,37.0,75.53571428571429
2002,38.0,80.14285714285714
2002,39.0,84.66666666666667
2002,40.0,81.4
2002,41.0,83.33333333333333
2002,43.0,77.0
2002,44.0,94.0
2002,45.0,81.0
2002,48.0,70.33333333333333
2004,13.0,52.125
2004,14.0,57.57142857142857
2004,15.0,50.301886792452834
2004,16.0,51.64666666666667
2004,17.0,58.47325102880659
2004,18.0,60.88582677165354
2004,19.0,65.35651408450704
2004,20.0,69.17158385093168
2004,21.0,70.5316301703163
2004,22.0,71.81360946745562
2004,23.0,72.1641592920354
2004,24.0,72.08039961941009
2004,25.0,72.06086956521739
2004,26.0,73.90851063829787
2004,27.0,73.76777251184834
2004,28.0,73.79270946681176
2004,29.0,74.28105590062111
2004,30.0,72.9162210338681
2004,31.0,75.08196721311475
2004,32.0,74.51745635910224
2004,33.0,74.29166666666667
2004,34.0,73.70553359683794
2004,35.0,71.95923913043478
2004,36.0,72.12403100775194
2004,37.0,74.52247191011236
2004,38.0,77.04109589041096
2004,39.0,74.48275862068965
2004,40.0,71.36842105263158
2004,41.0,74.98148148148148
2004,42.0,73.60714285714286
2004,43.0,72.78571428571429
2004,44.0,74.85714285714286
2004,45.0,72.26923076923077
2004,46.0,75.35714285714286
2004,47.0,74.07692307692308
2004,48.0,76.5
2004,49.0,65.83333333333333
2004,50.0,85.0
2004,51.0,90.0
2004,52.0,68.4
2004,53.0,73.0
2004,55.0,73.0
2004,56.0,66.0
2004,57.0,82.5
2006,14.0,58.0
2006,15.0,60.44444444444444
2006,16.0,59.625
2006,17.0,60.775862068965516
2006,18.0,62.824175824175825
2006,19.0,67.0
2006,20.0,67.02369668246446
2006,21.0,68.62015503875969
2006,22.0,69.65331010452962
2006,23.0,70.14010989010988
2006,24.0,68.54441260744986
2006,25.0,71.55269922879178
2006,26.0,70.30662020905923
2006,27.0,71.68092105263158
2006,28.0,70.5922619047619
2006,29.0,71.30141843971631
2006,30.0,73.03555555555556
2006,31.0,73.20967741935483
2006,32.0,71.52380952380952
2006,33.0,75.584
2006,34.0,74.56060606060606
2006,35.0,77.62790697674419
2006,36.0,78.06666666666666
2006,37.0,77.75
2006,38.0,77.0
2006,39.0,76.61538461538461
2006,40.0,81.5
2006,41.0,73.5
2006,42.0,73.33333333333333
2006,43.0,86.5
2006,44.0,76.25
2006,45.0,95.0
2006,46.0,76.0
2006,47.0,74.0
2006,49.0,80.0
2006,50.0,86.0
2006,52.0,68.0
2008,12.0,55.0
2008,13.0,69.0
2008,14.0,63.0
2008,15.0,46.298701298701296
2008,16.0,52.87570621468927
2008,17.0,56.75345622119816
2008,18.0,62.569148936170215
2008,19.0,66.24951644100581
2008,20.0,68.71438645980254
2008,21.0,70.27962347729789
2008,22.0,70.437624750499
2008,23.0,72.13745551601423
2008,24.0,72.6584249084249
2008,25.0,73.52043726235742
2008,26.0,72.85363357215967
2008,27.0,73.00727883538634
2008,28.0,73.11910669975187
2008,29.0,73.67194928684627
2008,30.0,74.20466786355476
2008,31.0,75.33222958057395
2008,32.0,74.6080459770115
2008,33.0,74.45762711864407
2008,34.0,72.81777777777778
2008,35.0,73.63350785340315
2008,36.0,75.13970588235294
2008,37.0,72.58878504672897
2008,38.0,73.28571428571429
2008,39.0,71.53125
2008,40.0,74.5
2008,41.0,75.48076923076923
2008,42.0,76.89189189189189
2008,43.0,76.18181818181819
2008,44.0,70.70967741935483
2008,45.0,73.85714285714286
2008,46.0,72.36842105263158
2008,47.0,78.125
2008,48.0,77.66666666666667
2008,49.0,70.3
2008,50.0,71.875
2008,51.0,86.33333333333333
2008,52.0,81.57142857142857
2008,53.0,56.0
2008,54.0,125.0
2008,55.0,79.0
2008,56.0,67.0
2008,57.0,73.0
2008,58.0,68.33333333333333
2008,60.0,72.0
2008,61.0,80.33333333333333
2008,67.0,62.0
2010,15.0,58.0
2010,16.0,58.12
2010,17.0,61.86666666666667
2010,18.0,63.51764705882353
2010,19.0,64.09219858156028
2010,20.0,68.9047619047619
2010,21.0,68.09053497942386
2010,22.0,70.04561403508772
2010,23.0,69.01769911504425
2010,24.0,69.60046728971963
2010,25.0,71.54947916666667
2010,26.0,71.18525179856115
2010,27.0,70.92415730337079
2010,28.0,71.36585365853658
2010,29.0,72.1526717557252
2010,30.0,72.44444444444444
2010,31.0,72.7292817679558
2010,32.0,73.44174757281553
2010,33.0,74.68888888888888
2010,34.0,74.19540229885058
2010,35.0,77.59420289855072
2010,36.0,74.91228070175438
2010,37.0,75.77777777777777
2010,38.0,75.58620689655173
2010,39.0,84.0
2010,40.0,84.0
2010,41.0,89.0
2010,42.0,86.0
2010,43.0,69.0
2010,44.0,69.33333333333333
2010,45.0,80.75
2010,46.0,61.0
2010,47.0,83.0
2010,48.0,92.0
2010,51.0,77.0
2012,13.0,53.0
2012,14.0,57.714285714285715
2012,15.0,55.75
2012,16.0,53.806451612903224
2012,17.0,58.90395480225989
2012,18.0,63.33819241982507
2012,19.0,66.49289099526067
2012,20.0,66.7717908082409
2012,21.0,69.07142857142857
2012,22.0,70.24526198439241
2012,23.0,71.4093896713615
2012,24.0,71.58349236641222
2012,25.0,71.6782982791587
2012,26.0,71.90249433106575
2012,27.0,73.63646170442287
2012,28.0,74.14420485175202
2012,29.0,73.73133235724744
2012,30.0,73.26567944250871
2012,31.0,73.67570498915401
2012,32.0,75.42084432717678
2012,33.0,73.67765567765568
2012,34.0,73.84223300970874
2012,35.0,75.8
2012,36.0,76.37820512820512
2012,37.0,74.04838709677419
2012,38.0,72.62666666666667
2012,39.0,76.20779220779221
2012,40.0,76.54901960784314
2012,41.0,71.35
2012,42.0,73.80952380952381
2012,43.0,73.86486486486487
2012,44.0,73.96551724137932
2012,45.0,78.5625
2012,46.0,75.1875
2012,47.0,79.54545454545455
2012,48.0,68.2
2012,49.0,68.4375
2012,50.0,69.91666666666667
2012,51.0,71.14285714285714
2012,52.0,72.55555555555556
2012,53.0,72.85714285714286
2012,54.0,62.666666666666664
2012,56.0,77.2
2012,57.0,71.33333333333333
2012,58.0,75.0
2012,61.0,87.0
2012,65.0,80.33333333333333
2012,71.0,62.0
2014,15.0,50.125
2014,16.0,55.95238095238095
2014,17.0,62.339285714285715
2014,18.0,65.7457627118644
2014,19.0,68.24603174603175
2014,20.0,69.26288659793815
2014,21.0,68.02316602316603
2014,22.0,69.76276276276276
2014,23.0,67.93279569892474
2014,24.0,71.54878048780488
2014,25.0,70.53150684931506
2014,26.0,71.85054347826087
2014,27.0,70.03682719546742
2014,28.0,70.88172043010752
2014,29.0,72.4927536231884
2014,30.0,73.3695652173913
2014,31.0,72.875
2014,32.0,73.04929577464789
2014,33.0,73.86567164179104
2014,34.0,74.45070422535211
2014,35.0,75.75308641975309
2014,36.0,76.68571428571428
2014,37.0,74.6
2014,38.0,70.54166666666667
2014,39.0,81.64285714285714
2014,40.0,71.11111111111111
2014,41.0,71.57142857142857
2014,42.0,87.6
2014,43.0,85.33333333333333
2014,44.0,81.5
2014,45.0,72.0
2014,46.0,107.0
2014,47.0,82.0
2014,55.0,77.0
2016,13.0,52.5
2016,14.0,54.5
2016,15.0,52.86363636363637
2016,16.0,50.52212389380531
2016,17.0,58.166666666666664
2016,18.0,62.33596837944664
2016,19.0,65.83613445378151
2016,20.0,67.4734219269103
2016,21.0,68.70971867007673
2016,22.0,70.17347956131606
2016,23.0,70.64414843006661
2016,24.0,71.31734317343174
2016,25.0,72.17132216014897
2016,26.0,72.6013916500994
2016,27.0,72.03478260869565
2016,28.0,73.06455142231947
2016,29.0,73.51184210526316
2016,30.0,73.19492868462757
2016,31.0,73.81782945736434
2016,32.0,72.74334140435835
2016,33.0,74.1585014409222
2016,34.0,74.13214285714285
2016,35.0,72.08163265306122
2016,36.0,72.01851851851852
2016,37.0,74.04237288135593
2016,38.0,69.29230769230769
2016,39.0,76.37735849056604
2016,40.0,73.0
2016,41.0,66.1
2016,42.0,69.91176470588235
2016,43.0,72.375
2016,44.0,72.375
2016,45.0,70.63636363636364
2016,46.0,70.58823529411765
2016,47.0,75.30434782608695
2016,48.0,74.84615384615384
2016,49.0,83.875
2016,50.0,68.75
2016,51.0,75.875
2016,52.0,71.36363636363636
2016,53.0,69.83333333333333
2016,54.0,70.42857142857143
2016,55.0,105.0
2016,56.0,62.666666666666664
2016,58.0,76.0
2016,60.0,72.0
2016,61.0,63.0
2016,62.0,48.0
